Workbook

Sheet Index
A1: Start Date | B1: 44927
A2: End Date | B2: 45291
A4: Muni Bond Start Date | B4: 45292
A5: End Date | B5: 45657

Sheet Corporate Bonds
H1: Daily returns
B2: iShares iBoxx $ Investment Grade Corporate Bond ETF | C2: Vanguard Long-Term Corporate Bond ETF | D2: SPDR Portfolio Long Term Corporate Bond | E2: Vanguard Intermediate-Term Corporate Bond ETF | F2: PIMCO Investment Grade Corporate Bond Index ETF | H2: iShares iBoxx $ Investment Grade Corporate Bond ETF | I2: Vanguard Long-Term Corporate Bond ETF | J2: SPDR Portfolio Long Term Corporate Bond | K2: Vanguard Intermediate-Term Corporate Bond ETF | L2: PIMCO Investment Grade Corporate Bond Index ETF
B3: LQD | C3: VCLT | D3: SPLB | E3: VCIT | F3: CORP | H3: LQD | I3: VCLT | J3: SPLB | K3: VCIT | L3: CORP
A4: {=_xlfn.STOCKHISTORY(B3,Index!$B$1,Index!$B$2)} -> Date | B4: Close | C4: {=_xlfn.STOCKHISTORY(C3,Index!$B$1,Index!$B$2,0,1,1)} -> Close | D4: {=_xlfn.STOCKHISTORY(D3,Index!$B$1,Index!$B$2,0,1,1)} -> Close | E4: {=_xlfn.STOCKHISTORY(E3,Index!$B$1,Index!$B$2,0,1,1)} -> Close | F4: {=_xlfn.STOCKHISTORY(F3,Index!$B$1,Index!$B$2,0,1,1)} -> Close
A5: 44929 | B5: 106.16 | C5: 76.56 | D5: 22.7 | E5: 77.88 | F5: 93.56
A6: 44930 | B6: 106.93 | C6: 77.47 | D6: 22.96 | E6: 78.39 | F6: 94.085 | H6: =LN(B6/B5) -> 0.0072270247 | I6: =LN(C6/C5) -> 0.011816017 | J6: =LN(D6/D5) -> 0.011388647 | K6: =LN(E6/E5) -> 0.0065271877 | L6: =LN(F6/F5) -> 0.0055956873
A7: 44931 | B7: 106.85 | C7: 77.74 | D7: 23.01 | E7: 78.22 | F7: 94.06 | H7: =LN(B7/B6) -> -0.000748433 | I7: =LN(C7/C6) -> 0.0034791608 | J7: =LN(D7/D6) -> 0.0021753326 | K7: =LN(E7/E6) -> -0.0021709989 | L7: =LN(F7/F6) -> -0.00026575248
A8: 44932 | B8: 108.6 | C8: 79.39 | D8: 23.53 | E8: 79.21 | F8: 95.28 | H8: =LN(B8/B7) -> 0.016245426 | I8: =LN(C8/C7) -> 0.02100249 | J8: =LN(D8/D7) -> 0.022347299 | K8: =LN(E8/E7) -> 0.012577184 | L8: =LN(F8/F7) -> 0.012887049
A9: 44935 | B9: 109.03 | C9: 79.74 | D9: 23.64 | E9: 79.51 | F9: 95.53 | H9: =LN(B9/B8) -> 0.0039516662 | I9: =LN(C9/C8) -> 0.0043989262 | J9: =LN(D9/D8) -> 0.0046639898 | K9: =LN(E9/E8) -> 0.0037802464 | L9: =LN(F9/F8) -> 0.0026204092
A10: 44936 | B10: 108.66 | C10: 79.28 | D10: 23.4999 | E10: 79.35 | F10: 95.19 | H10: =LN(B10/B9) -> -0.0033993326 | I10: =LN(C10/C9) -> -0.0057854519 | J10: =LN(D10/D9) -> -0.0059440267 | K10: =LN(E10/E9) -> -0.0020143529 | L10: =LN(F10/F9) -> -0.00356544
A11: 44937 | B11: 109.59 | C11: 80.35 | D11: 23.79 | E11: 79.8 | F11: 95.82 | H11: =LN(B11/B10) -> 0.0085223884 | I11: =LN(C11/C10) -> 0.013406202 | J11: =LN(D11/D10) -> 0.012269158 | K11: =LN(E11/E10) -> 0.0056550575 | L11: =LN(F11/F10) -> 0.0065965372
A12: 44938 | B12: 110.83 | C12: 81.63 | D12: 24.17 | E12: 80.5 | F12: 96.72 | H12: =LN(B12/B11) -> 0.011251366 | I12: =LN(C12/C11) -> 0.015804749 | J12: =LN(D12/D11) -> 0.01584687 | K12: =LN(E12/E11) -> 0.00873368 | L12: =LN(F12/F11) -> 0.0093487749
A13: 44939 | B13: 110.47 | C13: 81.34 | D13: 24.06 | E13: 80.22 | F13: 96.44 | H13: =LN(B13/B12) -> -0.0032535049 | I13: =LN(C13/C12) -> -0.003558941 | J13: =LN(D13/D12) -> -0.0045614842 | K13: =LN(E13/E12) -> -0.0034843241 | L13: =LN(F13/F12) -> -0.002899153
A14: 44943 | B14: 110.07 | C14: 80.73 | D14: 23.93 | E14: 80.1 | F14: 96.31 | H14: =LN(B14/B13) -> -0.0036274638 | I14: =LN(C14/C13) -> -0.0075276471 | J14: =LN(D14/D13) -> -0.0054178086 | K14: =LN(E14/E13) -> -0.0014970063 | L14: =LN(F14/F13) -> -0.0013488977
A15: 44944 | B15: 111.36 | C15: 82.01 | D15: 24.31 | E15: 80.94 | F15: 96.89 | H15: =LN(B15/B14) -> 0.01165167 | I15: =LN(C15/C14) -> 0.015730938 | J15: =LN(D15/D14) -> 0.015754886 | K15: =LN(E15/E14) -> 0.010432285 | L15: =LN(F15/F14) -> 0.0060041588
A16: 44945 | B16: 111.13 | C16: 81.8 | D16: 24.24 | E16: 80.81 | F16: 97 | H16: =LN(B16/B15) -> -0.0020675094 | I16: =LN(C16/C15) -> -0.0025639474 | J16: =LN(D16/D15) -> -0.0028836271 | K16: =LN(E16/E15) -> -0.0016074192 | L16: =LN(F16/F15) -> 0.0011346641
A17: 44946 | B17: 110.55 | C17: 81.08 | D17: 24.04 | E17: 80.47 | F17: 96.54 | H17: =LN(B17/B16) -> -0.0052327799 | I17: =LN(C17/C16) -> -0.008840922 | J17: =LN(D17/D16) -> -0.0082850515 | K17: =LN(E17/E16) -> -0.0042162761 | L17: =LN(F17/F16) -> -0.0047535483
... A254: 45289 | B254: 110.66 | C254: 80.15 | D254: 23.79 | E254: 81.28 | F254: 97.26 | H254: =LN(B254/B253) -> -0.0036981957 | I254: =LN(C254/C253) -> -0.006590834 | J254: =LN(D254/D253) -> -0.0079548253 | K254: =LN(E254/E253) -> -0.001966569 | L254: =LN(F254/F253) -> -0.0022594238

Sheet Optimization for Corp Bonds
B2: iShares iBoxx $ Investment Grade Corporate Bond ETF | C2: Vanguard Long-Term Corporate Bond ETF | D2: SPDR Portfolio Long Term Corporate Bond | E2: Vanguard Intermediate-Term Corporate Bond ETF | F2: PIMCO Investment Grade Corporate Bond Index ETF
A3: Security | B3: LQD | C3: VCLT | D3: SPLB | E3: VCIT | F3: CORP
A4: Annual Return | B4: =EXP(AVERAGE('Corporate Bonds'!H6:H254)*252)-1 -> 0.042910361 | C4: =EXP(AVERAGE('Corporate Bonds'!I6:I254)*252)-1 -> 0.047469486 | D4: =EXP(AVERAGE('Corporate Bonds'!J6:J254)*252)-1 -> 0.048609987 | E4: =EXP(AVERAGE('Corporate Bonds'!K6:K254)*252)-1 -> 0.044194351 | F4: =EXP(AVERAGE('Corporate Bonds'!L6:L254)*252)-1 -> 0.040032696
A5: Std Deviation | B5: =SQRT(_xlfn.VAR.P('Corporate Bonds'!H6:H254)*252) -> 0.097256077 | C5: =SQRT(_xlfn.VAR.P('Corporate Bonds'!I6:I254)*252) -> 0.14291067 | D5: =SQRT(_xlfn.VAR.P('Corporate Bonds'!J6:J254)*252) -> 0.14203517 | E5: =SQRT(_xlfn.VAR.P('Corporate Bonds'!K6:K254)*252) -> 0.077817369 | F5: =SQRT(_xlfn.VAR.P('Corporate Bonds'!L6:L254)*252) -> 0.073831936
A6: Weight | B6: =B7/$G$7 -> 0.19043261 | C6: =C7/$G$7 -> 0.067165371 | D6: =D7/$G$7 -> 0.35643931 | E6: =E7/$G$7 -> 0.029108285 | F6: =F7/$G$7 -> 0.35685442
A7: Random Array | B7: =RAND() -> 0.46101371 | C7: =RAND() -> 0.16259903 | D7: =RAND() -> 0.86289533 | E7: =RAND() -> 0.070467545 | F7: =RAND() -> 0.86390024 | G7: =SUM(B7:F7) -> 2.4208759
A10: Covariance Matrix
B11: LQD | C11: VCLT | D11: SPLB | E11: VCIT | F11: CORP
A12: LQD | B12: =VARP('Corporate Bonds'!$H$6:$H$254) -> 3.75347e-05 | C12: {=TRANSPOSE(B13:B16)} -> 5.4279105e-05 | D12: 5.3949701e-05 | E12: 2.932022e-05 | F12: 2.7752599e-05
A13: VCLT | B13: 5.4279105e-05 | C13: =VARP('Corporate Bonds'!$I$6:$I$254) -> 8.1045478e-05 | D13: {=TRANSPOSE(C14:C16)} -> 8.0173181e-05 | E13: 4.1540692e-05 | F13: 3.9769871e-05
A14: SPLB | B14: 5.3949701e-05 | C14: 8.0173181e-05 | D14: =VARP('Corporate Bonds'!$J$6:$J$254) -> 8.005551e-05 | E14: {=TRANSPOSE(D15:D16)} -> 4.1162137e-05 | F14: 3.9563288e-05
A15: VCIT | B15: 2.932022e-05 | C15: 4.1540692e-05 | D15: 4.1162137e-05 | E15: =VARP('Corporate Bonds'!$K$6:$K$254) -> 2.4029932e-05 | F15: =E16 -> 2.2219182e-05
A16: CORP | B16: 2.7752599e-05 | C16: 3.9769871e-05 | D16: 3.9563288e-05 | E16: 2.2219182e-05 | F16: =VARP('Corporate Bonds'!$L$6:$L$254) -> 2.1631567e-05
A21: Portfolio
A22: Expected Return | B22: =SUMPRODUCT(B4:F4,B6:F6) -> 0.044258614
A23: Standard Deviation | B23: {=SQRT(MMULT(MMULT(B6:F6,B12:F16),TRANSPOSE(B6:F6)*252))} -> 0.10621729
A24: Risk Free Rate | B24: 0.0431 | C24: {----> 10 Yr US Treasury}
A25: Total weight | B25: =SUM(B6:F6) -> 1
A26: Sharpe Ratio | B26: =(B22-B24)/B23 -> 0.010907962
A30: Simulations | F30: Simulations (Duplicate - Values Only)
A31: Simulation | B31: Portfolio Std Dev | C31: Portfolio Returns | F31: Simulation | G31: Portfolio Std Dev | H31: Portfolio Returns
B32: =B23 -> 0.10621729 | C32: =B22 -> 0.044258614 | G32: 0.10167985 | H32: 0.044418023
A33: 1 | B33: 0.11052067 | C33: 0.045666965 | F33: 1 | G33: 0.11128889 | H33: 0.045315724
A34: 2 | B34: 0.10856384 | C34: 0.045114391 | F34: 2 | G34: 0.099518721 | H34: 0.044627033
A35: 3 | B35: 0.10147015 | C35: 0.04418764 | F35: 3 | G35: 0.11010151 | H35: 0.044911494
A36: 4 | B36: 0.10655271 | C36: 0.044542891 | F36: 4 | G36: 0.095924814 | H36: 0.043740666
A37: 5 | B37: 0.090395213 | C37: 0.043499535 | F37: 5 | G37: 0.11429159 | H37: 0.045021539
A38: 6 | B38: 0.10728974 | C38: 0.04447462 | F38: 6 | G38: 0.107414 | H38: 0.045130677
A39: 7 | B39: 0.11002429 | C39: 0.045400589 | F39: 7 | G39: 0.11321876 | H39: 0.044905584
A40: 8 | B40: 0.11871176 | C40: 0.045721009 | F40: 8 | G40: 0.10305267 | H40: 0.044224164
A41: 9 | B41: 0.11031692 | C41: 0.045303764 | F41: 9 | G41: 0.099377139 | H41: 0.045080526
A42: 10 | B42: 0.10011708 | C42: 0.044282907 | F42: 10 | G42: 0.10568382 | H42: 0.044698779
A43: 11 | B43: 0.10676573 | C43: 0.044927569 | F43: 11 | G43: 0.12652247 | H43: 0.046493501
A44: 12 | B44: 0.10846252 | C44: 0.045312151 | F44: 12 | G44: 0.10355211 | H44: 0.043799839
... A5032: 5000 | B5032: 0.10327245 | C5032: 0.044747316 | F5032: 5000 | G5032: 0.097181304 | H5032: 0.043954909

Sheet Most Optimized Portfolio - Corp
B2: iShares iBoxx $ Investment Grade Corporate Bond ETF | C2: Vanguard Long-Term Corporate Bond ETF | D2: SPDR Portfolio Long Term Corporate Bond | E2: Vanguard Intermediate-Term Corporate Bond ETF | F2: PIMCO Investment Grade Corporate Bond Index ETF
A3: Security | B3: LQD | C3: VCLT | D3: SPLB | E3: VCIT | F3: CORP
A4: Annual Return | B4: =EXP(AVERAGE('Corporate Bonds'!H6:H254)*252)-1 -> 0.042910361 | C4: =EXP(AVERAGE('Corporate Bonds'!I6:I254)*252)-1 -> 0.047469486 | D4: =EXP(AVERAGE('Corporate Bonds'!J6:J254)*252)-1 -> 0.048609987 | E4: =EXP(AVERAGE('Corporate Bonds'!K6:K254)*252)-1 -> 0.044194351 | F4: =EXP(AVERAGE('Corporate Bonds'!L6:L254)*252)-1 -> 0.040032696
A5: Std Deviation | B5: =SQRT(_xlfn.VAR.P('Corporate Bonds'!H6:H254)*252) -> 0.097256077 | C5: =SQRT(_xlfn.VAR.P('Corporate Bonds'!I6:I254)*252) -> 0.14291067 | D5: =SQRT(_xlfn.VAR.P('Corporate Bonds'!J6:J254)*252) -> 0.14203517 | E5: =SQRT(_xlfn.VAR.P('Corporate Bonds'!K6:K254)*252) -> 0.077817369 | F5: =SQRT(_xlfn.VAR.P('Corporate Bonds'!L6:L254)*252) -> 0.073831936
A6: Weight | B6: 0.28870967 | C6: 0.34325386 | D6: 0.30116584 | E6: 0.058057219 | F6: 0.0088134172
A7: Random Array | B7: =RAND() -> 0.53537913 | C7: =RAND() -> 0.89794967 | D7: =RAND() -> 0.74603804 | E7: =RAND() -> 0.31585891 | F7: =RAND() -> 0.82292124 | G7: =SUM(B7:F7) -> 3.318147
A10: Covariance Matrix
B11: LQD | C11: VCLT | D11: SPLB | E11: VCIT | F11: CORP
A12: LQD | B12: =VARP('Corporate Bonds'!$H$6:$H$254) -> 3.75347e-05 | C12: {=TRANSPOSE(B13:B16)} -> 5.4279105e-05 | D12: 5.3949701e-05 | E12: 2.932022e-05 | F12: 2.7752599e-05
A13: VCLT | B13: 5.4279105e-05 | C13: =VARP('Corporate Bonds'!$I$6:$I$254) -> 8.1045478e-05 | D13: {=TRANSPOSE(C14:C16)} -> 8.0173181e-05 | E13: 4.1540692e-05 | F13: 3.9769871e-05
A14: SPLB | B14: 5.3949701e-05 | C14: 8.0173181e-05 | D14: =VARP('Corporate Bonds'!$J$6:$J$254) -> 8.005551e-05 | E14: {=TRANSPOSE(D15:D16)} -> 4.1162137e-05 | F14: 3.9563288e-05
A15: VCIT | B15: 2.932022e-05 | C15: 4.1540692e-05 | D15: 4.1162137e-05 | E15: =VARP('Corporate Bonds'!$K$6:$K$254) -> 2.4029932e-05 | F15: =E16 -> 2.2219182e-05
A16: CORP | B16: 2.7752599e-05 | C16: 3.9769871e-05 | D16: 3.9563288e-05 | E16: 2.2219182e-05 | F16: =VARP('Corporate Bonds'!$L$6:$L$254) -> 2.1631567e-05
A21: Portfolio
A22: Expected Return | B22: =SUMPRODUCT(B4:F4,B6:F6) -> 0.046241014
A23: Standard Deviation | B23: {=SQRT(MMULT(MMULT(B6:F6,B12:F16),TRANSPOSE(B6:F6)*252))} -> 0.12442021
A24: Risk Free Rate | B24: 0.0431 | C24: {----> 10 Yr US Treasury}
A25: Total weight | B25: =SUM(B6:F6) -> 1
A26: Sharpe Ratio | B26: =(B22-B24)/B23 -> 0.025245204
A30: Simulations | F30: Simulations (Duplicate - Values Only)
A31: Simulation | B31: Portfolio Std Dev | C31: Portfolio Returns | F31: Simulation | G31: Portfolio Std Dev | H31: Portfolio Returns
B32: =B23 -> 0.12442021 | C32: =B22 -> 0.046241014 | G32: 0.10167985 | H32: 0.044418023
A33: 1 | B33: 0.12442021 | C33: 0.046241014 | F33: 1 | G33: 0.11128889 | H33: 0.045315724
A34: 2 | B34: 0.12442021 | C34: 0.046241014 | F34: 2 | G34: 0.099518721 | H34: 0.044627033
A35: 3 | B35: 0.12442021 | C35: 0.046241014 | F35: 3 | G35: 0.11010151 | H35: 0.044911494
A36: 4 | B36: 0.12442021 | C36: 0.046241014 | F36: 4 | G36: 0.095924814 | H36: 0.043740666
A37: 5 | B37: 0.12442021 | C37: 0.046241014 | F37: 5 | G37: 0.11429159 | H37: 0.045021539
A38: 6 | B38: 0.12442021 | C38: 0.046241014 | F38: 6 | G38: 0.107414 | H38: 0.045130677
A39: 7 | B39: 0.12442021 | C39: 0.046241014 | F39: 7 | G39: 0.11321876 | H39: 0.044905584
A40: 8 | B40: 0.12442021 | C40: 0.046241014 | F40: 8 | G40: 0.10305267 | H40: 0.044224164
A41: 9 | B41: 0.12442021 | C41: 0.046241014 | F41: 9 | G41: 0.099377139 | H41: 0.045080526
A42: 10 | B42: 0.12442021 | C42: 0.046241014 | F42: 10 | G42: 0.10568382 | H42: 0.044698779
A43: 11 | B43: 0.12442021 | C43: 0.046241014 | F43: 11 | G43: 0.12652247 | H43: 0.046493501
A44: 12 | B44: 0.12442021 | C44: 0.046241014 | F44: 12 | G44: 0.10355211 | H44: 0.043799839
... A5032: 5000 | B5032: 0.12442021 | C5032: 0.046241014 | F5032: 5000 | G5032: 0.097181304 | H5032: 0.043954909

Sheet Muni Bonds
H1: Daily returns
B2: iShares California AMT-Free Muni Bond ETF | C2: Invesco California AMT-Free Muni Bond | D2: Goldman Sachs Dynamic NY Municipal Income ETF | E2: First Trust California Municipal High Income ETF | H2: iShares California AMT-Free Muni Bond ETF | I2: Invesco California AMT-Free Muni Bond | J2: Goldman Sachs Dynamic NY Municipal Income ETF | K2: First Trust California Municipal High Income ETF
B3: CMF | C3: PWZ | D3: FCAL | E3: MMCA | H3: CMF | I3: PWZ | J3: FCAL | K3: MMCA
A4: {=_xlfn.STOCKHISTORY(B3,Index!$B$1,Index!$B$2)} -> Date | B4: Close | C4: {=_xlfn.STOCKHISTORY(C3,Index!$B$1,Index!$B$2,0,1,1)} -> Close | D4: {=_xlfn.STOCKHISTORY(D3,Index!$B$1,Index!$B$2,0,1,1)} -> Close | E4: {=_xlfn.STOCKHISTORY(E3,Index!$B$1,Index!$B$2,0,1,1)} -> Close
A5: 44929 | B5: 56.36 | C5: 24.22 | D5: 48.34 | E5: 21.385
A6: 44930 | B6: 56.57 | C6: 24.35 | D6: 48.54 | E6: 21.44 | H6: =LN(B6/B5) -> 0.0037191223 | I6: =LN(C6/C5) -> 0.0053531114 | J6: =LN(D6/D5) -> 0.004128825 | K6: =LN(E6/E5) -> 0.0025685945
A7: 44931 | B7: 56.59 | C7: 24.38 | D7: 48.68 | E7: 21.475 | H7: =LN(B7/B6) -> 0.0003534818 | I7: =LN(C7/C6) -> 0.0012312745 | J7: =LN(D7/D6) -> 0.0028800678 | K7: =LN(E7/E6) -> 0.0016311317
A8: 44932 | B8: 56.77 | C8: 24.48 | D8: 48.74 | E8: 21.54 | H8: =LN(B8/B7) -> 0.003175726 | I8: =LN(C8/C7) -> 0.0040933336 | J8: =LN(D8/D7) -> 0.0012317801 | K8: =LN(E8/E7) -> 0.0030222039
A9: 44935 | B9: 56.9 | C9: 24.57 | D9: 48.95 | E9: 21.605 | H9: =LN(B9/B8) -> 0.0022873239 | I9: =LN(C9/C8) -> 0.0036697289 | J9: =LN(D9/D8) -> 0.0042993208 | K9: =LN(E9/E8) -> 0.0030130977
A10: 44936 | B10: 56.96 | C10: 24.61 | D10: 48.96 | E10: 21.615 | H10: =LN(B10/B9) -> 0.001053926 | I10: =LN(C10/C9) -> 0.0016266779 | J10: =LN(D10/D9) -> 0.00020426923 | K10: =LN(E10/E9) -> 0.00046274874
A11: 44937 | B11: 57.14 | C11: 24.74 | D11: 49.07 | E11: 21.67 | H11: =LN(B11/B10) -> 0.0031551297 | I11: =LN(C11/C10) -> 0.0052685026 | J11: =LN(D11/D10) -> 0.0022442119 | K11: =LN(E11/E10) -> 0.0025412974
A12: 44938 | B12: 57.36 | C12: 24.86 | D12: 49.3 | E12: 21.72 | H12: =LN(B12/B11) -> 0.0038427995 | I12: =LN(C12/C11) -> 0.0048387191 | J12: =LN(D12/D11) -> 0.0046762309 | K12: =LN(E12/E11) -> 0.0023046795
A13: 44939 | B13: 57.31 | C13: 24.83 | D13: 49.23 | E13: 21.745 | H13: =LN(B13/B12) -> -0.00087206773 | I13: =LN(C13/C12) -> -0.0012074866 | J13: =LN(D13/D12) -> -0.0014208873 | K13: =LN(E13/E12) -> 0.001150351
A14: 44943 | B14: 57.43 | C14: 24.86 | D14: 49.44 | E14: 21.78 | H14: =LN(B14/B13) -> 0.0020916863 | I14: =LN(C14/C13) -> 0.0012074866 | J14: =LN(D14/D13) -> 0.0042566194 | K14: =LN(E14/E13) -> 0.0016082715
A15: 44944 | B15: 57.61 | C15: 25 | D15: 49.51 | E15: 21.83 | H15: =LN(B15/B14) -> 0.0031293489 | I15: =LN(C15/C14) -> 0.0056157388 | J15: =LN(D15/D14) -> 0.0014148562 | K15: =LN(E15/E14) -> 0.0022930531
A16: 44945 | B16: 57.65 | C16: 25.025 | D16: 49.72 | E16: 21.865 | H16: =LN(B16/B15) -> 0.00069408297 | I16: =LN(C16/C15) -> 0.00099950033 | J16: =LN(D16/D15) -> 0.0042325973 | K16: =LN(E16/E15) -> 0.0016020143
A17: 44946 | B17: 57.57 | C17: 24.92 | D17: 49.715 | E17: 21.86 | H17: =LN(B17/B16) -> -0.001388648 | I17: =LN(C17/C16) -> -0.0042046313 | J17: =LN(D17/D16) -> -0.00010056821 | K17: =LN(E17/E16) -> -0.00022870212
... A254: 45289 | B254: 57.94 | C254: 24.98 | D254: 49.91 | E254: 21.78 | H254: =LN(B254/B253) -> -0.00017257744 | I254: =LN(C254/C253) -> -0.0031974448 | J254: =LN(D254/D253) -> 0.0026080865 | K254: =LN(E254/E253) -> -0.00045903145

Sheet Optimization for Muni Bonds
B2: iShares California AMT-Free Muni Bond ETF | C2: Invesco California AMT-Free Muni Bond | D2: Goldman Sachs Dynamic NY Municipal Income ETF | E2: First Trust California Municipal High Income ETF
A3: Security | B3: CMF | C3: PWZ | D3: FCAL | E3: MMCA
A4: Annual Return | B4: =EXP(AVERAGE('Muni Bonds'!H6:H254)*252)-1 -> 0.028376574 | C4: =EXP(AVERAGE('Muni Bonds'!I6:I254)*252)-1 -> 0.031763028 | D4: =EXP(AVERAGE('Muni Bonds'!J6:J254)*252)-1 -> 0.032875947 | E4: =EXP(AVERAGE('Muni Bonds'!K6:K254)*252)-1 -> 0.018695499
A5: Std Deviation | B5: =SQRT(_xlfn.VAR.P('Muni Bonds'!H6:H254)*252) -> 0.045346081 | C5: =SQRT(_xlfn.VAR.P('Muni Bonds'!I6:I254)*252) -> 0.066127083 | D5: =SQRT(_xlfn.VAR.P('Muni Bonds'!J6:J254)*252) -> 0.04832296 | E5: =SQRT(_xlfn.VAR.P('Muni Bonds'!K6:K254)*252) -> 0.029188991
A6: Weight | B6: =B7/$F$7 -> 0.22455537 | C6: =C7/$F$7 -> 0.26510854 | D6: =D7/$F$7 -> 0.19485276 | E6: =E7/$F$7 -> 0.31548333
A7: Random Array | B7: =RAND() -> 0.48095283 | C7: =RAND() -> 0.56780964 | D7: =RAND() -> 0.41733577 | E7: =RAND() -> 0.6757024 | F7: =SUM(B7:E7) -> 2.1418006
A10: Covariance Matrix
B11: CMF | C11: PWZ | D11: FCAL | E11: MMCA
A12: CMF | B12: =VARP('Muni Bonds'!$H$6:$H$254) -> 8.1597899e-06 | C12: 9.8761509e-06 | D12: 5.8600043e-06 | E12: 4.1577629e-06
A13: PWZ | B13: 9.8761509e-06 | C13: =VARP('Muni Bonds'!$I$6:$I$254) -> 1.7352346e-05 | D13: 8.6246628e-06 | E13: 5.5226878e-06
A14: FCAL | B14: 5.8600043e-06 | C14: 8.6246628e-06 | D14: =VARP('Muni Bonds'!$J$6:$J$254) -> 9.2663035e-06 | E14: =D15 -> 3.5355502e-06
A15: MMCA | B15: 4.1577629e-06 | C15: 5.5226878e-06 | D15: 3.5355502e-06 | E15: =VARP('Muni Bonds'!$K$6:$K$254) -> 3.3809413e-06
A20: Portfolio
A21: Expected Return | B21: =SUMPRODUCT(B4:E4,B6:E6) -> 0.027096849
A22: Standard Deviation | B22: {=SQRT(MMULT(MMULT(B6:E6,B12:E15),TRANSPOSE(B6:E6)*252))} -> 0.041537502
A23: Benchmark Returns | B23: 0.025
A24: Total weight | B24: =SUM(B6:E6) -> 1
A25: Sharpe Ratio | B25: =(B21-B23)/B22 -> 0.050480875
A29: Simulations | G29: Simulations (Duplicate)
A30: Simulation | B30: Portfolio Std Dev | C30: Portfolio Returns | G30: Simulation | H30: Portfolio Std Dev | I30: Portfolio Returns
B31: =B22 -> 0.041537502 | C31: =B21 -> 0.027096849 | H31: 0.046506308 | I31: 0.030854458
A32: 1 | B32: 0.040493277 | C32: 0.028227959 | G32: 1 | H32: 0.043959613 | I32: 0.027580325
A33: 2 | B33: 0.043229749 | C33: 0.026276631 | G33: 2 | H33: 0.04598948 | I33: 0.026428634
A34: 3 | B34: 0.03991493 | C34: 0.028568289 | G34: 3 | H34: 0.044192752 | I34: 0.030828612
A35: 4 | B35: 0.04140848 | C35: 0.029702178 | G35: 4 | H35: 0.047498603 | I35: 0.027721919
A36: 5 | B36: 0.040467637 | C36: 0.02735974 | G36: 5 | H36: 0.036225896 | I36: 0.025128148
A37: 6 | B37: 0.041677264 | C37: 0.026481442 | G37: 6 | H37: 0.040526885 | I37: 0.027518385
A38: 7 | B38: 0.045330765 | C38: 0.029425064 | G38: 7 | H38: 0.040227995 | I38: 0.025958842
A39: 8 | B39: 0.041842071 | C39: 0.027818161 | G39: 8 | H39: 0.039393815 | I39: 0.026497557
A40: 9 | B40: 0.042120967 | C40: 0.027794703 | G40: 9 | H40: 0.037754421 | I40: 0.02713447
A41: 10 | B41: 0.039855505 | C41: 0.027874687 | G41: 10 | H41: 0.042981531 | I41: 0.027570855
A42: 11 | B42: 0.043066396 | C42: 0.028811485 | G42: 11 | H42: 0.036679768 | I42: 0.026200226
A43: 12 | B43: 0.042902904 | C43: 0.028446817 | G43: 12 | H43: 0.051749537 | I43: 0.030140254
... A5031: 5000 | B5031: 0.04553569 | C5031: 0.029080835 | G5031: 5000 | H5031: 0.040296703 | I5031: 0.02785079

Sheet Most Optimized portfolio - Muni
B2: iShares California AMT-Free Muni Bond ETF | C2: Invesco California AMT-Free Muni Bond | D2: Goldman Sachs Dynamic NY Municipal Income ETF | E2: First Trust California Municipal High Income ETF
A3: Security | B3: CMF | C3: PWZ | D3: FCAL | E3: MMCA
A4: Annual Return | B4: =EXP(AVERAGE('Muni Bonds'!H6:H254)*252)-1 -> 0.028376574 | C4: =EXP(AVERAGE('Muni Bonds'!I6:I254)*252)-1 -> 0.031763028 | D4: =EXP(AVERAGE('Muni Bonds'!J6:J254)*252)-1 -> 0.032875947 | E4: =EXP(AVERAGE('Muni Bonds'!K6:K254)*252)-1 -> 0.018695499
A5: Std Deviation | B5: =SQRT(_xlfn.VAR.P('Muni Bonds'!H6:H254)*252) -> 0.045346081 | C5: =SQRT(_xlfn.VAR.P('Muni Bonds'!I6:I254)*252) -> 0.066127083 | D5: =SQRT(_xlfn.VAR.P('Muni Bonds'!J6:J254)*252) -> 0.04832296 | E5: =SQRT(_xlfn.VAR.P('Muni Bonds'!K6:K254)*252) -> 0.029188991
A6: Weight | B6: 0.17169374 | C6: 0.29578146 | D6: 0.40509143 | E6: 0.12743337
A7: Random Array | B7: =RAND() -> 0.99898516 | C7: =RAND() -> 0.86776703 | D7: =RAND() -> 0.99712437 | E7: =RAND() -> 0.060549797 | F7: =SUM(B7:E7) -> 2.9244263
A10: Covariance Matrix
B11: CMF | C11: PWZ | D11: FCAL | E11: MMCA
A12: CMF | B12: =VARP('Muni Bonds'!$H$6:$H$254) -> 8.1597899e-06 | C12: 9.8761509e-06 | D12: 5.8600043e-06 | E12: 4.1577629e-06
A13: PWZ | B13: 9.8761509e-06 | C13: =VARP('Muni Bonds'!$I$6:$I$254) -> 1.7352346e-05 | D13: 8.6246628e-06 | E13: 5.5226878e-06
A14: FCAL | B14: 5.8600043e-06 | C14: 8.6246628e-06 | D14: =VARP('Muni Bonds'!$J$6:$J$254) -> 9.2663035e-06 | E14: =D15 -> 3.5355502e-06
A15: MMCA | B15: 4.1577629e-06 | C15: 5.5226878e-06 | D15: 3.5355502e-06 | E15: =VARP('Muni Bonds'!$K$6:$K$254) -> 3.3809413e-06
A20: Portfolio
A21: Expected Return | B21: =SUMPRODUCT(B4:E4,B6:E6) -> 0.02996719
A22: Standard Deviation | B22: {=SQRT(MMULT(MMULT(B6:E6,B12:E15),TRANSPOSE(B6:E6)*252))} -> 0.045409028
A23: Benchmark Returns | B23: 0.025
A24: Total weight | B24: =SUM(B6:E6) -> 1
A25: Sharpe Ratio | B25: =(B21-B23)/B22 -> 0.10938771
A29: Simulations | G29: Simulations (Duplicate)
A30: Simulation | B30: Portfolio Std Dev | C30: Portfolio Returns | G30: Simulation | H30: Portfolio Std Dev | I30: Portfolio Returns
B31: =B22 -> 0.045409028 | C31: =B21 -> 0.02996719 | H31: 0.046506308 | I31: 0.030854458
A32: 1 | B32: 0.045409028 | C32: 0.02996719 | G32: 1 | H32: 0.043959613 | I32: 0.027580325
A33: 2 | B33: 0.045409028 | C33: 0.02996719 | G33: 2 | H33: 0.04598948 | I33: 0.026428634
A34: 3 | B34: 0.045409028 | C34: 0.02996719 | G34: 3 | H34: 0.044192752 | I34: 0.030828612
A35: 4 | B35: 0.045409028 | C35: 0.02996719 | G35: 4 | H35: 0.047498603 | I35: 0.027721919
A36: 5 | B36: 0.045409028 | C36: 0.02996719 | G36: 5 | H36: 0.036225896 | I36: 0.025128148
A37: 6 | B37: 0.045409028 | C37: 0.02996719 | G37: 6 | H37: 0.040526885 | I37: 0.027518385
A38: 7 | B38: 0.045409028 | C38: 0.02996719 | G38: 7 | H38: 0.040227995 | I38: 0.025958842
A39: 8 | B39: 0.045409028 | C39: 0.02996719 | G39: 8 | H39: 0.039393815 | I39: 0.026497557
A40: 9 | B40: 0.045409028 | C40: 0.02996719 | G40: 9 | H40: 0.037754421 | I40: 0.02713447
A41: 10 | B41: 0.045409028 | C41: 0.02996719 | G41: 10 | H41: 0.042981531 | I41: 0.027570855
A42: 11 | B42: 0.045409028 | C42: 0.02996719 | G42: 11 | H42: 0.036679768 | I42: 0.026200226
A43: 12 | B43: 0.045409028 | C43: 0.02996719 | G43: 12 | H43: 0.051749537 | I43: 0.030140254
... A5031: 5000 | B5031: 0.045409028 | C5031: 0.02996719 | G5031: 5000 | H5031: 0.040296703 | I5031: 0.02785079

Sheet Summary of Risk vs Reward
B1: Risk | C1: Reward
A2: Municipal Bonds | B2: ='Most Optimized portfolio - Muni'!B22 -> 0.045409028 | C2: ='Most Optimized portfolio - Muni'!B21 -> 0.02996719
A3: Corporate Bonds | B3: ='Most Optimized Portfolio - Corp'!$B$23 -> 0.12442021 | C3: ='Optimization for Muni Bonds'!B21 -> 0.027096849
